{"cameraMode":{"drawMode":0,"name":"Shaded","section":"Shading Mode"},"sceneLighting":true,"audioPlay":false,"sceneViewState":{"showFog":true,"showMaterialUpdate":false,"showSkybox":true,"showFlares":true,"showImageEffects":true,"showParticleSystems":true},"in2DMode":false,"pivot":{"x":7.561080455780029,"y":-1.379058837890625,"z":-0.49500083923339846},"rotation":{"x":0.4929423928260803,"y":0.5070435404777527,"z":-0.5025013089179993,"w":0.49739888310432436},"size":24.61457061767578,"orthographic":true}